,s3_path,local_path,file,tile_num
0,s3://maap-ops-workspace/lduncanson/dps_output/run_tile_atl08_ubuntu/master/2022/03/22/17/53/29/183192/atl08_005_30m_filt_topo_landsat_20220322_0043.csv,/projects/my-private-bucket/dps_output/run_tile_atl08_ubuntu/master/2022/03/22/17/53/29/183192/atl08_005_30m_filt_topo_landsat_20220322_0043.csv,atl08_005_30m_filt_topo_landsat_20220322_0043.csv,0043
2,s3://maap-ops-workspace/lduncanson/dps_output/run_tile_atl08_ubuntu/master/2022/03/22/17/54/02/200240/atl08_005_30m_filt_topo_landsat_20220322_0031.csv,/projects/my-private-bucket/dps_output/run_tile_atl08_ubuntu/master/2022/03/22/17/54/02/200240/atl08_005_30m_filt_topo_landsat_20220322_0031.csv,atl08_005_30m_filt_topo_landsat_20220322_0031.csv,0031
4,s3://maap-ops-workspace/lduncanson/dps_output/run_tile_atl08_ubuntu/master/2022/03/22/17/55/12/280111/atl08_005_30m_filt_topo_landsat_20220322_0054.csv,/projects/my-private-bucket/dps_output/run_tile_atl08_ubuntu/master/2022/03/22/17/55/12/280111/atl08_005_30m_filt_topo_landsat_20220322_0054.csv,atl08_005_30m_filt_topo_landsat_20220322_0054.csv,0054
6,s3://maap-ops-workspace/lduncanson/dps_output/run_tile_atl08_ubuntu/master/2022/03/22/17/55/36/557868/atl08_005_30m_filt_topo_landsat_20220322_0041.csv,/projects/my-private-bucket/dps_output/run_tile_atl08_ubuntu/master/2022/03/22/17/55/36/557868/atl08_005_30m_filt_topo_landsat_20220322_0041.csv,atl08_005_30m_filt_topo_landsat_20220322_0041.csv,0041
8,s3://maap-ops-workspace/lduncanson/dps_output/run_tile_atl08_ubuntu/master/2022/03/22/17/55/36/779342/atl08_005_30m_filt_topo_landsat_20220322_0030.csv,/projects/my-private-bucket/dps_output/run_tile_atl08_ubuntu/master/2022/03/22/17/55/36/779342/atl08_005_30m_filt_topo_landsat_20220322_0030.csv,atl08_005_30m_filt_topo_landsat_20220322_0030.csv,0030
10,s3://maap-ops-workspace/lduncanson/dps_output/run_tile_atl08_ubuntu/master/2022/03/22/17/56/06/666238/atl08_005_30m_filt_topo_landsat_20220322_0064.csv,/projects/my-private-bucket/dps_output/run_tile_atl08_ubuntu/master/2022/03/22/17/56/06/666238/atl08_005_30m_filt_topo_landsat_20220322_0064.csv,atl08_005_30m_filt_topo_landsat_20220322_0064.csv,0064
12,s3://maap-ops-workspace/lduncanson/dps_output/run_tile_atl08_ubuntu/master/2022/03/22/17/56/28/033714/atl08_005_30m_filt_topo_landsat_20220322_0133.csv,/projects/my-private-bucket/dps_output/run_tile_atl08_ubuntu/master/2022/03/22/17/56/28/033714/atl08_005_30m_filt_topo_landsat_20220322_0133.csv,atl08_005_30m_filt_topo_landsat_20220322_0133.csv,0133
14,s3://maap-ops-workspace/lduncanson/dps_output/run_tile_atl08_ubuntu/master/2022/03/22/17/56/28/074211/atl08_005_30m_filt_topo_landsat_20220322_0131.csv,/projects/my-private-bucket/dps_output/run_tile_atl08_ubuntu/master/2022/03/22/17/56/28/074211/atl08_005_30m_filt_topo_landsat_20220322_0131.csv,atl08_005_30m_filt_topo_landsat_20220322_0131.csv,0131
16,s3://maap-ops-workspace/lduncanson/dps_output/run_tile_atl08_ubuntu/master/2022/03/22/17/56/50/464053/atl08_005_30m_filt_topo_landsat_20220322_0177.csv,/projects/my-private-bucket/dps_output/run_tile_atl08_ubuntu/master/2022/03/22/17/56/50/464053/atl08_005_30m_filt_topo_landsat_20220322_0177.csv,atl08_005_30m_filt_topo_landsat_20220322_0177.csv,0177
18,s3://maap-ops-workspace/lduncanson/dps_output/run_tile_atl08_ubuntu/master/2022/03/22/17/56/52/346409/atl08_005_30m_filt_topo_landsat_20220322_0063.csv,/projects/my-private-bucket/dps_output/run_tile_atl08_ubuntu/master/2022/03/22/17/56/52/346409/atl08_005_30m_filt_topo_landsat_20220322_0063.csv,atl08_005_30m_filt_topo_landsat_20220322_0063.csv,0063
20,s3://maap-ops-workspace/lduncanson/dps_output/run_tile_atl08_ubuntu/master/2022/03/22/17/56/55/957879/atl08_005_30m_filt_topo_landsat_20220322_0020.csv,/projects/my-private-bucket/dps_output/run_tile_atl08_ubuntu/master/2022/03/22/17/56/55/957879/atl08_005_30m_filt_topo_landsat_20220322_0020.csv,atl08_005_30m_filt_topo_landsat_20220322_0020.csv,0020
22,s3://maap-ops-workspace/lduncanson/dps_output/run_tile_atl08_ubuntu/master/2022/03/22/17/56/57/764491/atl08_005_30m_filt_topo_landsat_20220322_0132.csv,/projects/my-private-bucket/dps_output/run_tile_atl08_ubuntu/master/2022/03/22/17/56/57/764491/atl08_005_30m_filt_topo_landsat_20220322_0132.csv,atl08_005_30m_filt_topo_landsat_20220322_0132.csv,0132
24,s3://maap-ops-workspace/lduncanson/dps_output/run_tile_atl08_ubuntu/master/2022/03/22/17/57/00/926374/atl08_005_30m_filt_topo_landsat_20220322_0062.csv,/projects/my-private-bucket/dps_output/run_tile_atl08_ubuntu/master/2022/03/22/17/57/00/926374/atl08_005_30m_filt_topo_landsat_20220322_0062.csv,atl08_005_30m_filt_topo_landsat_20220322_0062.csv,0062
26,s3://maap-ops-workspace/lduncanson/dps_output/run_tile_atl08_ubuntu/master/2022/03/22/17/57/04/849325/atl08_005_30m_filt_topo_landsat_20220322_0016.csv,/projects/my-private-bucket/dps_output/run_tile_atl08_ubuntu/master/2022/03/22/17/57/04/849325/atl08_005_30m_filt_topo_landsat_20220322_0016.csv,atl08_005_30m_filt_topo_landsat_20220322_0016.csv,0016
28,s3://maap-ops-workspace/lduncanson/dps_output/run_tile_atl08_ubuntu/master/2022/03/22/17/57/07/530795/atl08_005_30m_filt_topo_landsat_20220322_0053.csv,/projects/my-private-bucket/dps_output/run_tile_atl08_ubuntu/master/2022/03/22/17/57/07/530795/atl08_005_30m_filt_topo_landsat_20220322_0053.csv,atl08_005_30m_filt_topo_landsat_20220322_0053.csv,0053
30,s3://maap-ops-workspace/lduncanson/dps_output/run_tile_atl08_ubuntu/master/2022/03/22/17/57/31/833285/atl08_005_30m_filt_topo_landsat_20220322_0154.csv,/projects/my-private-bucket/dps_output/run_tile_atl08_ubuntu/master/2022/03/22/17/57/31/833285/atl08_005_30m_filt_topo_landsat_20220322_0154.csv,atl08_005_30m_filt_topo_landsat_20220322_0154.csv,0154
32,s3://maap-ops-workspace/lduncanson/dps_output/run_tile_atl08_ubuntu/master/2022/03/22/17/57/31/997091/atl08_005_30m_filt_topo_landsat_20220322_0029.csv,/projects/my-private-bucket/dps_output/run_tile_atl08_ubuntu/master/2022/03/22/17/57/31/997091/atl08_005_30m_filt_topo_landsat_20220322_0029.csv,atl08_005_30m_filt_topo_landsat_20220322_0029.csv,0029
34,s3://maap-ops-workspace/lduncanson/dps_output/run_tile_atl08_ubuntu/master/2022/03/22/17/57/32/601320/atl08_005_30m_filt_topo_landsat_20220322_0011.csv,/projects/my-private-bucket/dps_output/run_tile_atl08_ubuntu/master/2022/03/22/17/57/32/601320/atl08_005_30m_filt_topo_landsat_20220322_0011.csv,atl08_005_30m_filt_topo_landsat_20220322_0011.csv,0011
36,s3://maap-ops-workspace/lduncanson/dps_output/run_tile_atl08_ubuntu/master/2022/03/22/17/57/36/930170/atl08_005_30m_filt_topo_landsat_20220322_0019.csv,/projects/my-private-bucket/dps_output/run_tile_atl08_ubuntu/master/2022/03/22/17/57/36/930170/atl08_005_30m_filt_topo_landsat_20220322_0019.csv,atl08_005_30m_filt_topo_landsat_20220322_0019.csv,0019
38,s3://maap-ops-workspace/lduncanson/dps_output/run_tile_atl08_ubuntu/master/2022/03/22/17/57/41/776546/atl08_005_30m_filt_topo_landsat_20220322_0009.csv,/projects/my-private-bucket/dps_output/run_tile_atl08_ubuntu/master/2022/03/22/17/57/41/776546/atl08_005_30m_filt_topo_landsat_20220322_0009.csv,atl08_005_30m_filt_topo_landsat_20220322_0009.csv,0009
40,s3://maap-ops-workspace/lduncanson/dps_output/run_tile_atl08_ubuntu/master/2022/03/22/17/57/43/168811/atl08_005_30m_filt_topo_landsat_20220322_0039.csv,/projects/my-private-bucket/dps_output/run_tile_atl08_ubuntu/master/2022/03/22/17/57/43/168811/atl08_005_30m_filt_topo_landsat_20220322_0039.csv,atl08_005_30m_filt_topo_landsat_20220322_0039.csv,0039
42,s3://maap-ops-workspace/lduncanson/dps_output/run_tile_atl08_ubuntu/master/2022/03/22/17/57/45/438357/atl08_005_30m_filt_topo_landsat_20220322_0327.csv,/projects/my-private-bucket/dps_output/run_tile_atl08_ubuntu/master/2022/03/22/17/57/45/438357/atl08_005_30m_filt_topo_landsat_20220322_0327.csv,atl08_005_30m_filt_topo_landsat_20220322_0327.csv,0327
44,s3://maap-ops-workspace/lduncanson/dps_output/run_tile_atl08_ubuntu/master/2022/03/22/17/57/45/522439/atl08_005_30m_filt_topo_landsat_20220322_0094.csv,/projects/my-private-bucket/dps_output/run_tile_atl08_ubuntu/master/2022/03/22/17/57/45/522439/atl08_005_30m_filt_topo_landsat_20220322_0094.csv,atl08_005_30m_filt_topo_landsat_20220322_0094.csv,0094
46,s3://maap-ops-workspace/lduncanson/dps_output/run_tile_atl08_ubuntu/master/2022/03/22/17/57/52/852880/atl08_005_30m_filt_topo_landsat_20220322_0040.csv,/projects/my-private-bucket/dps_output/run_tile_atl08_ubuntu/master/2022/03/22/17/57/52/852880/atl08_005_30m_filt_topo_landsat_20220322_0040.csv,atl08_005_30m_filt_topo_landsat_20220322_0040.csv,0040
48,s3://maap-ops-workspace/lduncanson/dps_output/run_tile_atl08_ubuntu/master/2022/03/22/17/57/59/010127/atl08_005_30m_filt_topo_landsat_20220322_0052.csv,/projects/my-private-bucket/dps_output/run_tile_atl08_ubuntu/master/2022/03/22/17/57/59/010127/atl08_005_30m_filt_topo_landsat_20220322_0052.csv,atl08_005_30m_filt_topo_landsat_20220322_0052.csv,0052
50,s3://maap-ops-workspace/lduncanson/dps_output/run_tile_atl08_ubuntu/master/2022/03/22/17/58/03/553219/atl08_005_30m_filt_topo_landsat_20220322_0042.csv,/projects/my-private-bucket/dps_output/run_tile_atl08_ubuntu/master/2022/03/22/17/58/03/553219/atl08_005_30m_filt_topo_landsat_20220322_0042.csv,atl08_005_30m_filt_topo_landsat_20220322_0042.csv,0042
52,s3://maap-ops-workspace/lduncanson/dps_output/run_tile_atl08_ubuntu/master/2022/03/22/17/58/11/124155/atl08_005_30m_filt_topo_landsat_20220322_0027.csv,/projects/my-private-bucket/dps_output/run_tile_atl08_ubuntu/master/2022/03/22/17/58/11/124155/atl08_005_30m_filt_topo_landsat_20220322_0027.csv,atl08_005_30m_filt_topo_landsat_20220322_0027.csv,0027
54,s3://maap-ops-workspace/lduncanson/dps_output/run_tile_atl08_ubuntu/master/2022/03/22/17/58/11/874967/atl08_005_30m_filt_topo_landsat_20220322_0419.csv,/projects/my-private-bucket/dps_output/run_tile_atl08_ubuntu/master/2022/03/22/17/58/11/874967/atl08_005_30m_filt_topo_landsat_20220322_0419.csv,atl08_005_30m_filt_topo_landsat_20220322_0419.csv,0419
56,s3://maap-ops-workspace/lduncanson/dps_output/run_tile_atl08_ubuntu/master/2022/03/22/17/58/16/953282/atl08_005_30m_filt_topo_landsat_20220322_0198.csv,/projects/my-private-bucket/dps_output/run_tile_atl08_ubuntu/master/2022/03/22/17/58/16/953282/atl08_005_30m_filt_topo_landsat_20220322_0198.csv,atl08_005_30m_filt_topo_landsat_20220322_0198.csv,0198
58,s3://maap-ops-workspace/lduncanson/dps_output/run_tile_atl08_ubuntu/master/2022/03/22/17/58/17/492234/atl08_005_30m_filt_topo_landsat_20220322_0175.csv,/projects/my-private-bucket/dps_output/run_tile_atl08_ubuntu/master/2022/03/22/17/58/17/492234/atl08_005_30m_filt_topo_landsat_20220322_0175.csv,atl08_005_30m_filt_topo_landsat_20220322_0175.csv,0175
60,s3://maap-ops-workspace/lduncanson/dps_output/run_tile_atl08_ubuntu/master/2022/03/22/17/58/19/761226/atl08_005_30m_filt_topo_landsat_20220322_0418.csv,/projects/my-private-bucket/dps_output/run_tile_atl08_ubuntu/master/2022/03/22/17/58/19/761226/atl08_005_30m_filt_topo_landsat_20220322_0418.csv,atl08_005_30m_filt_topo_landsat_20220322_0418.csv,0418
62,s3://maap-ops-workspace/lduncanson/dps_output/run_tile_atl08_ubuntu/master/2022/03/22/17/58/24/011724/atl08_005_30m_filt_topo_landsat_20220322_0036.csv,/projects/my-private-bucket/dps_output/run_tile_atl08_ubuntu/master/2022/03/22/17/58/24/011724/atl08_005_30m_filt_topo_landsat_20220322_0036.csv,atl08_005_30m_filt_topo_landsat_20220322_0036.csv,0036
64,s3://maap-ops-workspace/lduncanson/dps_output/run_tile_atl08_ubuntu/master/2022/03/22/17/58/24/024448/atl08_005_30m_filt_topo_landsat_20220322_0199.csv,/projects/my-private-bucket/dps_output/run_tile_atl08_ubuntu/master/2022/03/22/17/58/24/024448/atl08_005_30m_filt_topo_landsat_20220322_0199.csv,atl08_005_30m_filt_topo_landsat_20220322_0199.csv,0199
66,s3://maap-ops-workspace/lduncanson/dps_output/run_tile_atl08_ubuntu/master/2022/03/22/17/58/24/124491/atl08_005_30m_filt_topo_landsat_20220322_0077.csv,/projects/my-private-bucket/dps_output/run_tile_atl08_ubuntu/master/2022/03/22/17/58/24/124491/atl08_005_30m_filt_topo_landsat_20220322_0077.csv,atl08_005_30m_filt_topo_landsat_20220322_0077.csv,0077
68,s3://maap-ops-workspace/lduncanson/dps_output/run_tile_atl08_ubuntu/master/2022/03/22/17/58/28/583363/atl08_005_30m_filt_topo_landsat_20220322_0176.csv,/projects/my-private-bucket/dps_output/run_tile_atl08_ubuntu/master/2022/03/22/17/58/28/583363/atl08_005_30m_filt_topo_landsat_20220322_0176.csv,atl08_005_30m_filt_topo_landsat_20220322_0176.csv,0176
70,s3://maap-ops-workspace/lduncanson/dps_output/run_tile_atl08_ubuntu/master/2022/03/22/17/58/37/711527/atl08_005_30m_filt_topo_landsat_20220322_0051.csv,/projects/my-private-bucket/dps_output/run_tile_atl08_ubuntu/master/2022/03/22/17/58/37/711527/atl08_005_30m_filt_topo_landsat_20220322_0051.csv,atl08_005_30m_filt_topo_landsat_20220322_0051.csv,0051
72,s3://maap-ops-workspace/lduncanson/dps_output/run_tile_atl08_ubuntu/master/2022/03/22/17/58/38/258814/atl08_005_30m_filt_topo_landsat_20220322_0326.csv,/projects/my-private-bucket/dps_output/run_tile_atl08_ubuntu/master/2022/03/22/17/58/38/258814/atl08_005_30m_filt_topo_landsat_20220322_0326.csv,atl08_005_30m_filt_topo_landsat_20220322_0326.csv,0326
74,s3://maap-ops-workspace/lduncanson/dps_output/run_tile_atl08_ubuntu/master/2022/03/22/17/58/40/248897/atl08_005_30m_filt_topo_landsat_20220322_0152.csv,/projects/my-private-bucket/dps_output/run_tile_atl08_ubuntu/master/2022/03/22/17/58/40/248897/atl08_005_30m_filt_topo_landsat_20220322_0152.csv,atl08_005_30m_filt_topo_landsat_20220322_0152.csv,0152
76,s3://maap-ops-workspace/lduncanson/dps_output/run_tile_atl08_ubuntu/master/2022/03/22/17/58/40/951468/atl08_005_30m_filt_topo_landsat_20220322_0325.csv,/projects/my-private-bucket/dps_output/run_tile_atl08_ubuntu/master/2022/03/22/17/58/40/951468/atl08_005_30m_filt_topo_landsat_20220322_0325.csv,atl08_005_30m_filt_topo_landsat_20220322_0325.csv,0325
78,s3://maap-ops-workspace/lduncanson/dps_output/run_tile_atl08_ubuntu/master/2022/03/22/17/58/43/203732/atl08_005_30m_filt_topo_landsat_20220322_0018.csv,/projects/my-private-bucket/dps_output/run_tile_atl08_ubuntu/master/2022/03/22/17/58/43/203732/atl08_005_30m_filt_topo_landsat_20220322_0018.csv,atl08_005_30m_filt_topo_landsat_20220322_0018.csv,0018
80,s3://maap-ops-workspace/lduncanson/dps_output/run_tile_atl08_ubuntu/master/2022/03/22/17/58/48/775488/atl08_005_30m_filt_topo_landsat_20220322_0298.csv,/projects/my-private-bucket/dps_output/run_tile_atl08_ubuntu/master/2022/03/22/17/58/48/775488/atl08_005_30m_filt_topo_landsat_20220322_0298.csv,atl08_005_30m_filt_topo_landsat_20220322_0298.csv,0298
82,s3://maap-ops-workspace/lduncanson/dps_output/run_tile_atl08_ubuntu/master/2022/03/22/17/58/57/511621/atl08_005_30m_filt_topo_landsat_20220322_0273.csv,/projects/my-private-bucket/dps_output/run_tile_atl08_ubuntu/master/2022/03/22/17/58/57/511621/atl08_005_30m_filt_topo_landsat_20220322_0273.csv,atl08_005_30m_filt_topo_landsat_20220322_0273.csv,0273
84,s3://maap-ops-workspace/lduncanson/dps_output/run_tile_atl08_ubuntu/master/2022/03/22/17/58/58/675262/atl08_005_30m_filt_topo_landsat_20220322_0026.csv,/projects/my-private-bucket/dps_output/run_tile_atl08_ubuntu/master/2022/03/22/17/58/58/675262/atl08_005_30m_filt_topo_landsat_20220322_0026.csv,atl08_005_30m_filt_topo_landsat_20220322_0026.csv,0026
86,s3://maap-ops-workspace/lduncanson/dps_output/run_tile_atl08_ubuntu/master/2022/03/22/17/58/59/614917/atl08_005_30m_filt_topo_landsat_20220322_0092.csv,/projects/my-private-bucket/dps_output/run_tile_atl08_ubuntu/master/2022/03/22/17/58/59/614917/atl08_005_30m_filt_topo_landsat_20220322_0092.csv,atl08_005_30m_filt_topo_landsat_20220322_0092.csv,0092
88,s3://maap-ops-workspace/lduncanson/dps_output/run_tile_atl08_ubuntu/master/2022/03/22/17/59/00/460888/atl08_005_30m_filt_topo_landsat_20220322_0197.csv,/projects/my-private-bucket/dps_output/run_tile_atl08_ubuntu/master/2022/03/22/17/59/00/460888/atl08_005_30m_filt_topo_landsat_20220322_0197.csv,atl08_005_30m_filt_topo_landsat_20220322_0197.csv,0197
90,s3://maap-ops-workspace/lduncanson/dps_output/run_tile_atl08_ubuntu/master/2022/03/22/17/59/00/714505/atl08_005_30m_filt_topo_landsat_20220322_0299.csv,/projects/my-private-bucket/dps_output/run_tile_atl08_ubuntu/master/2022/03/22/17/59/00/714505/atl08_005_30m_filt_topo_landsat_20220322_0299.csv,atl08_005_30m_filt_topo_landsat_20220322_0299.csv,0299
92,s3://maap-ops-workspace/lduncanson/dps_output/run_tile_atl08_ubuntu/master/2022/03/22/17/59/09/526186/atl08_005_30m_filt_topo_landsat_20220322_0025.csv,/projects/my-private-bucket/dps_output/run_tile_atl08_ubuntu/master/2022/03/22/17/59/09/526186/atl08_005_30m_filt_topo_landsat_20220322_0025.csv,atl08_005_30m_filt_topo_landsat_20220322_0025.csv,0025
94,s3://maap-ops-workspace/lduncanson/dps_output/run_tile_atl08_ubuntu/master/2022/03/22/17/59/13/720383/atl08_005_30m_filt_topo_landsat_20220322_0300.csv,/projects/my-private-bucket/dps_output/run_tile_atl08_ubuntu/master/2022/03/22/17/59/13/720383/atl08_005_30m_filt_topo_landsat_20220322_0300.csv,atl08_005_30m_filt_topo_landsat_20220322_0300.csv,0300
96,s3://maap-ops-workspace/lduncanson/dps_output/run_tile_atl08_ubuntu/master/2022/03/22/17/59/17/222480/atl08_005_30m_filt_topo_landsat_20220322_0028.csv,/projects/my-private-bucket/dps_output/run_tile_atl08_ubuntu/master/2022/03/22/17/59/17/222480/atl08_005_30m_filt_topo_landsat_20220322_0028.csv,atl08_005_30m_filt_topo_landsat_20220322_0028.csv,0028
98,s3://maap-ops-workspace/lduncanson/dps_output/run_tile_atl08_ubuntu/master/2022/03/22/17/59/18/314483/atl08_005_30m_filt_topo_landsat_20220322_0297.csv,/projects/my-private-bucket/dps_output/run_tile_atl08_ubuntu/master/2022/03/22/17/59/18/314483/atl08_005_30m_filt_topo_landsat_20220322_0297.csv,atl08_005_30m_filt_topo_landsat_20220322_0297.csv,0297
100,s3://maap-ops-workspace/lduncanson/dps_output/run_tile_atl08_ubuntu/master/2022/03/22/17/59/18/788418/atl08_005_30m_filt_topo_landsat_20220322_0074.csv,/projects/my-private-bucket/dps_output/run_tile_atl08_ubuntu/master/2022/03/22/17/59/18/788418/atl08_005_30m_filt_topo_landsat_20220322_0074.csv,atl08_005_30m_filt_topo_landsat_20220322_0074.csv,0074
102,s3://maap-ops-workspace/lduncanson/dps_output/run_tile_atl08_ubuntu/master/2022/03/22/17/59/22/131561/atl08_005_30m_filt_topo_landsat_20220322_0174.csv,/projects/my-private-bucket/dps_output/run_tile_atl08_ubuntu/master/2022/03/22/17/59/22/131561/atl08_005_30m_filt_topo_landsat_20220322_0174.csv,atl08_005_30m_filt_topo_landsat_20220322_0174.csv,0174
104,s3://maap-ops-workspace/lduncanson/dps_output/run_tile_atl08_ubuntu/master/2022/03/22/17/59/30/646432/atl08_005_30m_filt_topo_landsat_20220322_0324.csv,/projects/my-private-bucket/dps_output/run_tile_atl08_ubuntu/master/2022/03/22/17/59/30/646432/atl08_005_30m_filt_topo_landsat_20220322_0324.csv,atl08_005_30m_filt_topo_landsat_20220322_0324.csv,0324
106,s3://maap-ops-workspace/lduncanson/dps_output/run_tile_atl08_ubuntu/master/2022/03/22/17/59/32/861935/atl08_005_30m_filt_topo_landsat_20220322_0151.csv,/projects/my-private-bucket/dps_output/run_tile_atl08_ubuntu/master/2022/03/22/17/59/32/861935/atl08_005_30m_filt_topo_landsat_20220322_0151.csv,atl08_005_30m_filt_topo_landsat_20220322_0151.csv,0151
108,s3://maap-ops-workspace/lduncanson/dps_output/run_tile_atl08_ubuntu/master/2022/03/22/17/59/41/805783/atl08_005_30m_filt_topo_landsat_20220322_3647.csv,/projects/my-private-bucket/dps_output/run_tile_atl08_ubuntu/master/2022/03/22/17/59/41/805783/atl08_005_30m_filt_topo_landsat_20220322_3647.csv,atl08_005_30m_filt_topo_landsat_20220322_3647.csv,3647
110,s3://maap-ops-workspace/lduncanson/dps_output/run_tile_atl08_ubuntu/master/2022/03/22/17/59/44/397646/atl08_005_30m_filt_topo_landsat_20220322_0224.csv,/projects/my-private-bucket/dps_output/run_tile_atl08_ubuntu/master/2022/03/22/17/59/44/397646/atl08_005_30m_filt_topo_landsat_20220322_0224.csv,atl08_005_30m_filt_topo_landsat_20220322_0224.csv,0224
112,s3://maap-ops-workspace/lduncanson/dps_output/run_tile_atl08_ubuntu/master/2022/03/22/17/59/48/230976/atl08_005_30m_filt_topo_landsat_20220322_0271.csv,/projects/my-private-bucket/dps_output/run_tile_atl08_ubuntu/master/2022/03/22/17/59/48/230976/atl08_005_30m_filt_topo_landsat_20220322_0271.csv,atl08_005_30m_filt_topo_landsat_20220322_0271.csv,0271
114,s3://maap-ops-workspace/lduncanson/dps_output/run_tile_atl08_ubuntu/master/2022/03/22/17/59/49/308005/atl08_005_30m_filt_topo_landsat_20220322_3646.csv,/projects/my-private-bucket/dps_output/run_tile_atl08_ubuntu/master/2022/03/22/17/59/49/308005/atl08_005_30m_filt_topo_landsat_20220322_3646.csv,atl08_005_30m_filt_topo_landsat_20220322_3646.csv,3646
116,s3://maap-ops-workspace/lduncanson/dps_output/run_tile_atl08_ubuntu/master/2022/03/22/17/59/50/761406/atl08_005_30m_filt_topo_landsat_20220322_0323.csv,/projects/my-private-bucket/dps_output/run_tile_atl08_ubuntu/master/2022/03/22/17/59/50/761406/atl08_005_30m_filt_topo_landsat_20220322_0323.csv,atl08_005_30m_filt_topo_landsat_20220322_0323.csv,0323
118,s3://maap-ops-workspace/lduncanson/dps_output/run_tile_atl08_ubuntu/master/2022/03/22/17/59/57/955194/atl08_005_30m_filt_topo_landsat_20220322_0037.csv,/projects/my-private-bucket/dps_output/run_tile_atl08_ubuntu/master/2022/03/22/17/59/57/955194/atl08_005_30m_filt_topo_landsat_20220322_0037.csv,atl08_005_30m_filt_topo_landsat_20220322_0037.csv,0037
120,s3://maap-ops-workspace/lduncanson/dps_output/run_tile_atl08_ubuntu/master/2022/03/22/18/00/01/697082/atl08_005_30m_filt_topo_landsat_20220322_0060.csv,/projects/my-private-bucket/dps_output/run_tile_atl08_ubuntu/master/2022/03/22/18/00/01/697082/atl08_005_30m_filt_topo_landsat_20220322_0060.csv,atl08_005_30m_filt_topo_landsat_20220322_0060.csv,0060
122,s3://maap-ops-workspace/lduncanson/dps_output/run_tile_atl08_ubuntu/master/2022/03/22/18/00/02/576047/atl08_005_30m_filt_topo_landsat_20220322_0270.csv,/projects/my-private-bucket/dps_output/run_tile_atl08_ubuntu/master/2022/03/22/18/00/02/576047/atl08_005_30m_filt_topo_landsat_20220322_0270.csv,atl08_005_30m_filt_topo_landsat_20220322_0270.csv,0270
124,s3://maap-ops-workspace/lduncanson/dps_output/run_tile_atl08_ubuntu/master/2022/03/22/18/00/12/457330/atl08_005_30m_filt_topo_landsat_20220322_0322.csv,/projects/my-private-bucket/dps_output/run_tile_atl08_ubuntu/master/2022/03/22/18/00/12/457330/atl08_005_30m_filt_topo_landsat_20220322_0322.csv,atl08_005_30m_filt_topo_landsat_20220322_0322.csv,0322
126,s3://maap-ops-workspace/lduncanson/dps_output/run_tile_atl08_ubuntu/master/2022/03/22/18/00/28/498739/atl08_005_30m_filt_topo_landsat_20220322_0061.csv,/projects/my-private-bucket/dps_output/run_tile_atl08_ubuntu/master/2022/03/22/18/00/28/498739/atl08_005_30m_filt_topo_landsat_20220322_0061.csv,atl08_005_30m_filt_topo_landsat_20220322_0061.csv,0061
128,s3://maap-ops-workspace/lduncanson/dps_output/run_tile_atl08_ubuntu/master/2022/03/22/18/00/49/759900/atl08_005_30m_filt_topo_landsat_20220322_0050.csv,/projects/my-private-bucket/dps_output/run_tile_atl08_ubuntu/master/2022/03/22/18/00/49/759900/atl08_005_30m_filt_topo_landsat_20220322_0050.csv,atl08_005_30m_filt_topo_landsat_20220322_0050.csv,0050
130,s3://maap-ops-workspace/lduncanson/dps_output/run_tile_atl08_ubuntu/master/2022/03/22/18/01/06/759826/atl08_005_30m_filt_topo_landsat_20220322_3457.csv,/projects/my-private-bucket/dps_output/run_tile_atl08_ubuntu/master/2022/03/22/18/01/06/759826/atl08_005_30m_filt_topo_landsat_20220322_3457.csv,atl08_005_30m_filt_topo_landsat_20220322_3457.csv,3457
132,s3://maap-ops-workspace/lduncanson/dps_output/run_tile_atl08_ubuntu/master/2022/03/22/18/01/06/917199/atl08_005_30m_filt_topo_landsat_20220322_0221.csv,/projects/my-private-bucket/dps_output/run_tile_atl08_ubuntu/master/2022/03/22/18/01/06/917199/atl08_005_30m_filt_topo_landsat_20220322_0221.csv,atl08_005_30m_filt_topo_landsat_20220322_0221.csv,0221
134,s3://maap-ops-workspace/lduncanson/dps_output/run_tile_atl08_ubuntu/master/2022/03/22/18/01/12/411444/atl08_005_30m_filt_topo_landsat_20220322_3644.csv,/projects/my-private-bucket/dps_output/run_tile_atl08_ubuntu/master/2022/03/22/18/01/12/411444/atl08_005_30m_filt_topo_landsat_20220322_3644.csv,atl08_005_30m_filt_topo_landsat_20220322_3644.csv,3644
136,s3://maap-ops-workspace/lduncanson/dps_output/run_tile_atl08_ubuntu/master/2022/03/22/18/01/21/290388/atl08_005_30m_filt_topo_landsat_20220322_3643.csv,/projects/my-private-bucket/dps_output/run_tile_atl08_ubuntu/master/2022/03/22/18/01/21/290388/atl08_005_30m_filt_topo_landsat_20220322_3643.csv,atl08_005_30m_filt_topo_landsat_20220322_3643.csv,3643
138,s3://maap-ops-workspace/lduncanson/dps_output/run_tile_atl08_ubuntu/master/2022/03/22/18/01/22/380929/atl08_005_30m_filt_topo_landsat_20220322_0059.csv,/projects/my-private-bucket/dps_output/run_tile_atl08_ubuntu/master/2022/03/22/18/01/22/380929/atl08_005_30m_filt_topo_landsat_20220322_0059.csv,atl08_005_30m_filt_topo_landsat_20220322_0059.csv,0059
140,s3://maap-ops-workspace/lduncanson/dps_output/run_tile_atl08_ubuntu/master/2022/03/22/18/01/25/010187/atl08_005_30m_filt_topo_landsat_20220322_3455.csv,/projects/my-private-bucket/dps_output/run_tile_atl08_ubuntu/master/2022/03/22/18/01/25/010187/atl08_005_30m_filt_topo_landsat_20220322_3455.csv,atl08_005_30m_filt_topo_landsat_20220322_3455.csv,3455
142,s3://maap-ops-workspace/lduncanson/dps_output/run_tile_atl08_ubuntu/master/2022/03/22/18/01/28/938045/atl08_005_30m_filt_topo_landsat_20220322_3645.csv,/projects/my-private-bucket/dps_output/run_tile_atl08_ubuntu/master/2022/03/22/18/01/28/938045/atl08_005_30m_filt_topo_landsat_20220322_3645.csv,atl08_005_30m_filt_topo_landsat_20220322_3645.csv,3645
144,s3://maap-ops-workspace/lduncanson/dps_output/run_tile_atl08_ubuntu/master/2022/03/22/18/01/34/972818/atl08_005_30m_filt_topo_landsat_20220322_3550.csv,/projects/my-private-bucket/dps_output/run_tile_atl08_ubuntu/master/2022/03/22/18/01/34/972818/atl08_005_30m_filt_topo_landsat_20220322_3550.csv,atl08_005_30m_filt_topo_landsat_20220322_3550.csv,3550
146,s3://maap-ops-workspace/lduncanson/dps_output/run_tile_atl08_ubuntu/master/2022/03/22/18/01/37/710164/atl08_005_30m_filt_topo_landsat_20220322_0049.csv,/projects/my-private-bucket/dps_output/run_tile_atl08_ubuntu/master/2022/03/22/18/01/37/710164/atl08_005_30m_filt_topo_landsat_20220322_0049.csv,atl08_005_30m_filt_topo_landsat_20220322_0049.csv,0049
148,s3://maap-ops-workspace/lduncanson/dps_output/run_tile_atl08_ubuntu/master/2022/03/22/18/02/00/168571/atl08_005_30m_filt_topo_landsat_20220322_0352.csv,/projects/my-private-bucket/dps_output/run_tile_atl08_ubuntu/master/2022/03/22/18/02/00/168571/atl08_005_30m_filt_topo_landsat_20220322_0352.csv,atl08_005_30m_filt_topo_landsat_20220322_0352.csv,0352
150,s3://maap-ops-workspace/lduncanson/dps_output/run_tile_atl08_ubuntu/master/2022/03/22/18/03/36/252258/atl08_005_30m_filt_topo_landsat_20220322_0038.csv,/projects/my-private-bucket/dps_output/run_tile_atl08_ubuntu/master/2022/03/22/18/03/36/252258/atl08_005_30m_filt_topo_landsat_20220322_0038.csv,atl08_005_30m_filt_topo_landsat_20220322_0038.csv,0038
152,s3://maap-ops-workspace/lduncanson/dps_output/run_tile_atl08_ubuntu/master/2022/03/22/18/04/05/232814/atl08_005_30m_filt_topo_landsat_20220322_0048.csv,/projects/my-private-bucket/dps_output/run_tile_atl08_ubuntu/master/2022/03/22/18/04/05/232814/atl08_005_30m_filt_topo_landsat_20220322_0048.csv,atl08_005_30m_filt_topo_landsat_20220322_0048.csv,0048
154,s3://maap-ops-workspace/lduncanson/dps_output/run_tile_atl08_ubuntu/master/2022/03/22/18/16/49/137811/atl08_005_30m_filt_topo_landsat_20220322_0013.csv,/projects/my-private-bucket/dps_output/run_tile_atl08_ubuntu/master/2022/03/22/18/16/49/137811/atl08_005_30m_filt_topo_landsat_20220322_0013.csv,atl08_005_30m_filt_topo_landsat_20220322_0013.csv,0013
156,s3://maap-ops-workspace/lduncanson/dps_output/run_tile_atl08_ubuntu/master/2022/03/22/18/18/50/250602/atl08_005_30m_filt_topo_landsat_20220322_0004.csv,/projects/my-private-bucket/dps_output/run_tile_atl08_ubuntu/master/2022/03/22/18/18/50/250602/atl08_005_30m_filt_topo_landsat_20220322_0004.csv,atl08_005_30m_filt_topo_landsat_20220322_0004.csv,0004
158,s3://maap-ops-workspace/lduncanson/dps_output/run_tile_atl08_ubuntu/master/2022/03/22/18/18/53/360068/atl08_005_30m_filt_topo_landsat_20220322_0010.csv,/projects/my-private-bucket/dps_output/run_tile_atl08_ubuntu/master/2022/03/22/18/18/53/360068/atl08_005_30m_filt_topo_landsat_20220322_0010.csv,atl08_005_30m_filt_topo_landsat_20220322_0010.csv,0010
160,s3://maap-ops-workspace/lduncanson/dps_output/run_tile_atl08_ubuntu/master/2022/03/22/18/19/46/266506/atl08_005_30m_filt_topo_landsat_20220322_0012.csv,/projects/my-private-bucket/dps_output/run_tile_atl08_ubuntu/master/2022/03/22/18/19/46/266506/atl08_005_30m_filt_topo_landsat_20220322_0012.csv,atl08_005_30m_filt_topo_landsat_20220322_0012.csv,0012
162,s3://maap-ops-workspace/lduncanson/dps_output/run_tile_atl08_ubuntu/master/2022/03/22/18/20/10/881965/atl08_005_30m_filt_topo_landsat_20220322_0065.csv,/projects/my-private-bucket/dps_output/run_tile_atl08_ubuntu/master/2022/03/22/18/20/10/881965/atl08_005_30m_filt_topo_landsat_20220322_0065.csv,atl08_005_30m_filt_topo_landsat_20220322_0065.csv,0065
164,s3://maap-ops-workspace/lduncanson/dps_output/run_tile_atl08_ubuntu/master/2022/03/22/18/20/55/365698/atl08_005_30m_filt_topo_landsat_20220322_0272.csv,/projects/my-private-bucket/dps_output/run_tile_atl08_ubuntu/master/2022/03/22/18/20/55/365698/atl08_005_30m_filt_topo_landsat_20220322_0272.csv,atl08_005_30m_filt_topo_landsat_20220322_0272.csv,0272
166,s3://maap-ops-workspace/lduncanson/dps_output/run_tile_atl08_ubuntu/master/2022/03/22/18/21/05/167113/atl08_005_30m_filt_topo_landsat_20220322_0274.csv,/projects/my-private-bucket/dps_output/run_tile_atl08_ubuntu/master/2022/03/22/18/21/05/167113/atl08_005_30m_filt_topo_landsat_20220322_0274.csv,atl08_005_30m_filt_topo_landsat_20220322_0274.csv,0274
168,s3://maap-ops-workspace/lduncanson/dps_output/run_tile_atl08_ubuntu/master/2022/03/22/18/21/19/185817/atl08_005_30m_filt_topo_landsat_20220322_3269.csv,/projects/my-private-bucket/dps_output/run_tile_atl08_ubuntu/master/2022/03/22/18/21/19/185817/atl08_005_30m_filt_topo_landsat_20220322_3269.csv,atl08_005_30m_filt_topo_landsat_20220322_3269.csv,3269
172,s3://maap-ops-workspace/lduncanson/dps_output/run_tile_atl08_ubuntu/master/2022/03/22/18/22/05/778422/atl08_005_30m_filt_topo_landsat_20220322_0387.csv,/projects/my-private-bucket/dps_output/run_tile_atl08_ubuntu/master/2022/03/22/18/22/05/778422/atl08_005_30m_filt_topo_landsat_20220322_0387.csv,atl08_005_30m_filt_topo_landsat_20220322_0387.csv,0387
174,s3://maap-ops-workspace/lduncanson/dps_output/run_tile_atl08_ubuntu/master/2022/03/22/18/22/25/295454/atl08_005_30m_filt_topo_landsat_20220322_3365.csv,/projects/my-private-bucket/dps_output/run_tile_atl08_ubuntu/master/2022/03/22/18/22/25/295454/atl08_005_30m_filt_topo_landsat_20220322_3365.csv,atl08_005_30m_filt_topo_landsat_20220322_3365.csv,3365
176,s3://maap-ops-workspace/lduncanson/dps_output/run_tile_atl08_ubuntu/master/2022/03/22/18/23/09/429448/atl08_005_30m_filt_topo_landsat_20220322_0112.csv,/projects/my-private-bucket/dps_output/run_tile_atl08_ubuntu/master/2022/03/22/18/23/09/429448/atl08_005_30m_filt_topo_landsat_20220322_0112.csv,atl08_005_30m_filt_topo_landsat_20220322_0112.csv,0112
178,s3://maap-ops-workspace/lduncanson/dps_output/run_tile_atl08_ubuntu/master/2022/03/22/18/23/29/896239/atl08_005_30m_filt_topo_landsat_20220322_0248.csv,/projects/my-private-bucket/dps_output/run_tile_atl08_ubuntu/master/2022/03/22/18/23/29/896239/atl08_005_30m_filt_topo_landsat_20220322_0248.csv,atl08_005_30m_filt_topo_landsat_20220322_0248.csv,0248
180,s3://maap-ops-workspace/lduncanson/dps_output/run_tile_atl08_ubuntu/master/2022/03/22/18/23/38/092974/atl08_005_30m_filt_topo_landsat_20220322_0222.csv,/projects/my-private-bucket/dps_output/run_tile_atl08_ubuntu/master/2022/03/22/18/23/38/092974/atl08_005_30m_filt_topo_landsat_20220322_0222.csv,atl08_005_30m_filt_topo_landsat_20220322_0222.csv,0222
182,s3://maap-ops-workspace/lduncanson/dps_output/run_tile_atl08_ubuntu/master/2022/03/22/18/23/41/163316/atl08_005_30m_filt_topo_landsat_20220322_0093.csv,/projects/my-private-bucket/dps_output/run_tile_atl08_ubuntu/master/2022/03/22/18/23/41/163316/atl08_005_30m_filt_topo_landsat_20220322_0093.csv,atl08_005_30m_filt_topo_landsat_20220322_0093.csv,0093
184,s3://maap-ops-workspace/lduncanson/dps_output/run_tile_atl08_ubuntu/master/2022/03/22/18/23/54/240025/atl08_005_30m_filt_topo_landsat_20220322_0388.csv,/projects/my-private-bucket/dps_output/run_tile_atl08_ubuntu/master/2022/03/22/18/23/54/240025/atl08_005_30m_filt_topo_landsat_20220322_0388.csv,atl08_005_30m_filt_topo_landsat_20220322_0388.csv,0388
186,s3://maap-ops-workspace/lduncanson/dps_output/run_tile_atl08_ubuntu/master/2022/03/22/18/23/57/992553/atl08_005_30m_filt_topo_landsat_20220322_0357.csv,/projects/my-private-bucket/dps_output/run_tile_atl08_ubuntu/master/2022/03/22/18/23/57/992553/atl08_005_30m_filt_topo_landsat_20220322_0357.csv,atl08_005_30m_filt_topo_landsat_20220322_0357.csv,0357
188,s3://maap-ops-workspace/lduncanson/dps_output/run_tile_atl08_ubuntu/master/2022/03/22/18/23/59/666284/atl08_005_30m_filt_topo_landsat_20220322_0130.csv,/projects/my-private-bucket/dps_output/run_tile_atl08_ubuntu/master/2022/03/22/18/23/59/666284/atl08_005_30m_filt_topo_landsat_20220322_0130.csv,atl08_005_30m_filt_topo_landsat_20220322_0130.csv,0130
190,s3://maap-ops-workspace/lduncanson/dps_output/run_tile_atl08_ubuntu/master/2022/03/22/18/24/28/693915/atl08_005_30m_filt_topo_landsat_20220322_0386.csv,/projects/my-private-bucket/dps_output/run_tile_atl08_ubuntu/master/2022/03/22/18/24/28/693915/atl08_005_30m_filt_topo_landsat_20220322_0386.csv,atl08_005_30m_filt_topo_landsat_20220322_0386.csv,0386
192,s3://maap-ops-workspace/lduncanson/dps_output/run_tile_atl08_ubuntu/master/2022/03/22/18/24/31/345558/atl08_005_30m_filt_topo_landsat_20220322_3552.csv,/projects/my-private-bucket/dps_output/run_tile_atl08_ubuntu/master/2022/03/22/18/24/31/345558/atl08_005_30m_filt_topo_landsat_20220322_3552.csv,atl08_005_30m_filt_topo_landsat_20220322_3552.csv,3552
194,s3://maap-ops-workspace/lduncanson/dps_output/run_tile_atl08_ubuntu/master/2022/03/22/18/24/39/300997/atl08_005_30m_filt_topo_landsat_20220322_0355.csv,/projects/my-private-bucket/dps_output/run_tile_atl08_ubuntu/master/2022/03/22/18/24/39/300997/atl08_005_30m_filt_topo_landsat_20220322_0355.csv,atl08_005_30m_filt_topo_landsat_20220322_0355.csv,0355
196,s3://maap-ops-workspace/lduncanson/dps_output/run_tile_atl08_ubuntu/master/2022/03/22/18/24/42/539298/atl08_005_30m_filt_topo_landsat_20220322_3555.csv,/projects/my-private-bucket/dps_output/run_tile_atl08_ubuntu/master/2022/03/22/18/24/42/539298/atl08_005_30m_filt_topo_landsat_20220322_3555.csv,atl08_005_30m_filt_topo_landsat_20220322_3555.csv,3555
198,s3://maap-ops-workspace/lduncanson/dps_output/run_tile_atl08_ubuntu/master/2022/03/22/18/24/47/916957/atl08_005_30m_filt_topo_landsat_20220322_0153.csv,/projects/my-private-bucket/dps_output/run_tile_atl08_ubuntu/master/2022/03/22/18/24/47/916957/atl08_005_30m_filt_topo_landsat_20220322_0153.csv,atl08_005_30m_filt_topo_landsat_20220322_0153.csv,0153
200,s3://maap-ops-workspace/lduncanson/dps_output/run_tile_atl08_ubuntu/master/2022/03/22/18/24/48/814190/atl08_005_30m_filt_topo_landsat_20220322_0250.csv,/projects/my-private-bucket/dps_output/run_tile_atl08_ubuntu/master/2022/03/22/18/24/48/814190/atl08_005_30m_filt_topo_landsat_20220322_0250.csv,atl08_005_30m_filt_topo_landsat_20220322_0250.csv,0250
202,s3://maap-ops-workspace/lduncanson/dps_output/run_tile_atl08_ubuntu/master/2022/03/22/18/24/53/326138/atl08_005_30m_filt_topo_landsat_20220322_0091.csv,/projects/my-private-bucket/dps_output/run_tile_atl08_ubuntu/master/2022/03/22/18/24/53/326138/atl08_005_30m_filt_topo_landsat_20220322_0091.csv,atl08_005_30m_filt_topo_landsat_20220322_0091.csv,0091
204,s3://maap-ops-workspace/lduncanson/dps_output/run_tile_atl08_ubuntu/master/2022/03/22/18/25/18/911303/atl08_005_30m_filt_topo_landsat_20220322_0249.csv,/projects/my-private-bucket/dps_output/run_tile_atl08_ubuntu/master/2022/03/22/18/25/18/911303/atl08_005_30m_filt_topo_landsat_20220322_0249.csv,atl08_005_30m_filt_topo_landsat_20220322_0249.csv,0249
206,s3://maap-ops-workspace/lduncanson/dps_output/run_tile_atl08_ubuntu/master/2022/03/22/18/25/20/167271/atl08_005_30m_filt_topo_landsat_20220322_3551.csv,/projects/my-private-bucket/dps_output/run_tile_atl08_ubuntu/master/2022/03/22/18/25/20/167271/atl08_005_30m_filt_topo_landsat_20220322_3551.csv,atl08_005_30m_filt_topo_landsat_20220322_3551.csv,3551
208,s3://maap-ops-workspace/lduncanson/dps_output/run_tile_atl08_ubuntu/master/2022/03/22/18/25/20/287697/atl08_005_30m_filt_topo_landsat_20220322_3362.csv,/projects/my-private-bucket/dps_output/run_tile_atl08_ubuntu/master/2022/03/22/18/25/20/287697/atl08_005_30m_filt_topo_landsat_20220322_3362.csv,atl08_005_30m_filt_topo_landsat_20220322_3362.csv,3362
210,s3://maap-ops-workspace/lduncanson/dps_output/run_tile_atl08_ubuntu/master/2022/03/22/18/25/21/159412/atl08_005_30m_filt_topo_landsat_20220322_0076.csv,/projects/my-private-bucket/dps_output/run_tile_atl08_ubuntu/master/2022/03/22/18/25/21/159412/atl08_005_30m_filt_topo_landsat_20220322_0076.csv,atl08_005_30m_filt_topo_landsat_20220322_0076.csv,0076
212,s3://maap-ops-workspace/lduncanson/dps_output/run_tile_atl08_ubuntu/master/2022/03/22/18/25/24/871453/atl08_005_30m_filt_topo_landsat_20220322_0075.csv,/projects/my-private-bucket/dps_output/run_tile_atl08_ubuntu/master/2022/03/22/18/25/24/871453/atl08_005_30m_filt_topo_landsat_20220322_0075.csv,atl08_005_30m_filt_topo_landsat_20220322_0075.csv,0075
214,s3://maap-ops-workspace/lduncanson/dps_output/run_tile_atl08_ubuntu/master/2022/03/22/18/25/42/250599/atl08_005_30m_filt_topo_landsat_20220322_3363.csv,/projects/my-private-bucket/dps_output/run_tile_atl08_ubuntu/master/2022/03/22/18/25/42/250599/atl08_005_30m_filt_topo_landsat_20220322_3363.csv,atl08_005_30m_filt_topo_landsat_20220322_3363.csv,3363
216,s3://maap-ops-workspace/lduncanson/dps_output/run_tile_atl08_ubuntu/master/2022/03/22/18/25/58/793587/atl08_005_30m_filt_topo_landsat_20220322_3459.csv,/projects/my-private-bucket/dps_output/run_tile_atl08_ubuntu/master/2022/03/22/18/25/58/793587/atl08_005_30m_filt_topo_landsat_20220322_3459.csv,atl08_005_30m_filt_topo_landsat_20220322_3459.csv,3459
218,s3://maap-ops-workspace/lduncanson/dps_output/run_tile_atl08_ubuntu/master/2022/03/22/18/26/05/976806/atl08_005_30m_filt_topo_landsat_20220322_0417.csv,/projects/my-private-bucket/dps_output/run_tile_atl08_ubuntu/master/2022/03/22/18/26/05/976806/atl08_005_30m_filt_topo_landsat_20220322_0417.csv,atl08_005_30m_filt_topo_landsat_20220322_0417.csv,0417
220,s3://maap-ops-workspace/lduncanson/dps_output/run_tile_atl08_ubuntu/master/2022/03/22/18/26/08/375608/atl08_005_30m_filt_topo_landsat_20220322_0384.csv,/projects/my-private-bucket/dps_output/run_tile_atl08_ubuntu/master/2022/03/22/18/26/08/375608/atl08_005_30m_filt_topo_landsat_20220322_0384.csv,atl08_005_30m_filt_topo_landsat_20220322_0384.csv,0384
222,s3://maap-ops-workspace/lduncanson/dps_output/run_tile_atl08_ubuntu/master/2022/03/22/18/26/13/868289/atl08_005_30m_filt_topo_landsat_20220322_0223.csv,/projects/my-private-bucket/dps_output/run_tile_atl08_ubuntu/master/2022/03/22/18/26/13/868289/atl08_005_30m_filt_topo_landsat_20220322_0223.csv,atl08_005_30m_filt_topo_landsat_20220322_0223.csv,0223
224,s3://maap-ops-workspace/lduncanson/dps_output/run_tile_atl08_ubuntu/master/2022/03/22/18/26/15/824749/atl08_005_30m_filt_topo_landsat_20220322_0246.csv,/projects/my-private-bucket/dps_output/run_tile_atl08_ubuntu/master/2022/03/22/18/26/15/824749/atl08_005_30m_filt_topo_landsat_20220322_0246.csv,atl08_005_30m_filt_topo_landsat_20220322_0246.csv,0246
226,s3://maap-ops-workspace/lduncanson/dps_output/run_tile_atl08_ubuntu/master/2022/03/22/18/26/18/748313/atl08_005_30m_filt_topo_landsat_20220322_0200.csv,/projects/my-private-bucket/dps_output/run_tile_atl08_ubuntu/master/2022/03/22/18/26/18/748313/atl08_005_30m_filt_topo_landsat_20220322_0200.csv,atl08_005_30m_filt_topo_landsat_20220322_0200.csv,0200
228,s3://maap-ops-workspace/lduncanson/dps_output/run_tile_atl08_ubuntu/master/2022/03/22/18/26/31/204955/atl08_005_30m_filt_topo_landsat_20220322_0385.csv,/projects/my-private-bucket/dps_output/run_tile_atl08_ubuntu/master/2022/03/22/18/26/31/204955/atl08_005_30m_filt_topo_landsat_20220322_0385.csv,atl08_005_30m_filt_topo_landsat_20220322_0385.csv,0385
230,s3://maap-ops-workspace/lduncanson/dps_output/run_tile_atl08_ubuntu/master/2022/03/22/18/26/41/002660/atl08_005_30m_filt_topo_landsat_20220322_0073.csv,/projects/my-private-bucket/dps_output/run_tile_atl08_ubuntu/master/2022/03/22/18/26/41/002660/atl08_005_30m_filt_topo_landsat_20220322_0073.csv,atl08_005_30m_filt_topo_landsat_20220322_0073.csv,0073
232,s3://maap-ops-workspace/lduncanson/dps_output/run_tile_atl08_ubuntu/master/2022/03/22/18/26/42/781069/atl08_005_30m_filt_topo_landsat_20220322_3270.csv,/projects/my-private-bucket/dps_output/run_tile_atl08_ubuntu/master/2022/03/22/18/26/42/781069/atl08_005_30m_filt_topo_landsat_20220322_3270.csv,atl08_005_30m_filt_topo_landsat_20220322_3270.csv,3270
234,s3://maap-ops-workspace/lduncanson/dps_output/run_tile_atl08_ubuntu/master/2022/03/22/18/26/48/648118/atl08_005_30m_filt_topo_landsat_20220322_0416.csv,/projects/my-private-bucket/dps_output/run_tile_atl08_ubuntu/master/2022/03/22/18/26/48/648118/atl08_005_30m_filt_topo_landsat_20220322_0416.csv,atl08_005_30m_filt_topo_landsat_20220322_0416.csv,0416
236,s3://maap-ops-workspace/lduncanson/dps_output/run_tile_atl08_ubuntu/master/2022/03/22/18/26/51/985047/atl08_005_30m_filt_topo_landsat_20220322_3454.csv,/projects/my-private-bucket/dps_output/run_tile_atl08_ubuntu/master/2022/03/22/18/26/51/985047/atl08_005_30m_filt_topo_landsat_20220322_3454.csv,atl08_005_30m_filt_topo_landsat_20220322_3454.csv,3454
238,s3://maap-ops-workspace/lduncanson/dps_output/run_tile_atl08_ubuntu/master/2022/03/22/18/27/18/941289/atl08_005_30m_filt_topo_landsat_20220322_0072.csv,/projects/my-private-bucket/dps_output/run_tile_atl08_ubuntu/master/2022/03/22/18/27/18/941289/atl08_005_30m_filt_topo_landsat_20220322_0072.csv,atl08_005_30m_filt_topo_landsat_20220322_0072.csv,0072
240,s3://maap-ops-workspace/lduncanson/dps_output/run_tile_atl08_ubuntu/master/2022/03/22/18/27/20/831551/atl08_005_30m_filt_topo_landsat_20220322_0017.csv,/projects/my-private-bucket/dps_output/run_tile_atl08_ubuntu/master/2022/03/22/18/27/20/831551/atl08_005_30m_filt_topo_landsat_20220322_0017.csv,atl08_005_30m_filt_topo_landsat_20220322_0017.csv,0017
242,s3://maap-ops-workspace/lduncanson/dps_output/run_tile_atl08_ubuntu/master/2022/03/22/18/27/25/726707/atl08_005_30m_filt_topo_landsat_20220322_3364.csv,/projects/my-private-bucket/dps_output/run_tile_atl08_ubuntu/master/2022/03/22/18/27/25/726707/atl08_005_30m_filt_topo_landsat_20220322_3364.csv,atl08_005_30m_filt_topo_landsat_20220322_3364.csv,3364
244,s3://maap-ops-workspace/lduncanson/dps_output/run_tile_atl08_ubuntu/master/2022/03/22/18/27/29/560399/atl08_005_30m_filt_topo_landsat_20220322_0353.csv,/projects/my-private-bucket/dps_output/run_tile_atl08_ubuntu/master/2022/03/22/18/27/29/560399/atl08_005_30m_filt_topo_landsat_20220322_0353.csv,atl08_005_30m_filt_topo_landsat_20220322_0353.csv,0353
246,s3://maap-ops-workspace/lduncanson/dps_output/run_tile_atl08_ubuntu/master/2022/03/22/18/27/55/230075/atl08_005_30m_filt_topo_landsat_20220322_0247.csv,/projects/my-private-bucket/dps_output/run_tile_atl08_ubuntu/master/2022/03/22/18/27/55/230075/atl08_005_30m_filt_topo_landsat_20220322_0247.csv,atl08_005_30m_filt_topo_landsat_20220322_0247.csv,0247
248,s3://maap-ops-workspace/lduncanson/dps_output/run_tile_atl08_ubuntu/master/2022/03/22/18/27/59/998940/atl08_005_30m_filt_topo_landsat_20220322_0354.csv,/projects/my-private-bucket/dps_output/run_tile_atl08_ubuntu/master/2022/03/22/18/27/59/998940/atl08_005_30m_filt_topo_landsat_20220322_0354.csv,atl08_005_30m_filt_topo_landsat_20220322_0354.csv,0354
250,s3://maap-ops-workspace/lduncanson/dps_output/run_tile_atl08_ubuntu/master/2022/03/22/18/28/44/184078/atl08_005_30m_filt_topo_landsat_20220322_3456.csv,/projects/my-private-bucket/dps_output/run_tile_atl08_ubuntu/master/2022/03/22/18/28/44/184078/atl08_005_30m_filt_topo_landsat_20220322_3456.csv,atl08_005_30m_filt_topo_landsat_20220322_3456.csv,3456
